id,belief,disbelief,questioning,mocking
1,0.8572825,0.14271750000000005,0.0,0.07712602485150695
2,0.8163232220000001,0.18367677799999993,0.0,0.0
3,-0.712911975,-0.28708802499999997,0.0,0.0
4,0.44271603,0.5572839700000001,1.0,0.30332101466125994
5,0.791566104,0.20843389599999995,0.0,0.6195529604872331
