name,negative,neutral,positive,sarcasm,question
1,0.099744655,0.857282519,0.042972807,1,0
2,0.021248478,0.141179815,0.837571681,0,1
3,0.018994085,0.249099836,0.731906056,1,0
4,0.392275512,0.442716032,0.16500853,1,1
5,0.801248312,0.189069539,0.009682196,1,0