"negative","neutral","positive","beleive","disbeleive","question","mock"
0.099744655,0.857282519,0.042972807,33.52036,-86.81064, 0, 1
0.021248478,0.141179815,0.837571681,39.9526,-75.1652, 0, 1
0.018994085,0.249099836,0.731906056,51.5074,-0.1277, 0, 1
0.392275512,0.442716032,0.16500853,-25.7566,28.1914, 0, 1
0.801248312,0.189069539,0.009682196,25.7566,-79.7915, 0, 1
